Filename,Type,SizeÂ (bytes),Date Modified
RS_2006-01.bz2,Reddit Submissions (JSON objects),"16,576",Sep 9 2016 8:47 AM
RS_2006-02.bz2,Reddit Submissions (JSON objects),"45,431",Sep 9 2016 8:47 AM
RS_2006-03.bz2,Reddit Submissions (JSON objects),"23,640",Sep 9 2016 8:47 AM
RS_2006-04.bz2,Reddit Submissions (JSON objects),"34,640",Sep 9 2016 8:47 AM
RS_2006-05.bz2,Reddit Submissions (JSON objects),"23,450",Sep 9 2016 8:47 AM
RS_2006-06.bz2,Reddit Submissions (JSON objects),"42,292",Sep 9 2016 8:47 AM
RS_2006-07.bz2,Reddit Submissions (JSON objects),"13,434",Sep 9 2016 8:47 AM
RS_2007-01.bz2,Reddit Submissions (JSON objects),"43,444",Sep 9 2016 8:47 AM
RS_2007-02.bz2,Reddit Submissions (JSON objects),"93,022",Sep 9 2016 8:47 AM
RS_2007-03.bz2,Reddit Submissions (JSON objects),"50,477",Sep 9 2016 8:47 AM
RS_2007-06.bz2,Reddit Submissions (JSON objects),"65,436",Sep 9 2016 8:47 AM
RS_2007-07.bz2,Reddit Submissions (JSON objects),"136,260",Sep 9 2016 8:47 AM
RS_2007-10.bz2,Reddit Submissions (JSON objects),"5,849,413",Sep 9 2016 8:47 AM
RS_2007-11.bz2,Reddit Submissions (JSON objects),"10,655,388",Sep 9 2016 8:47 AM
RS_2007-12.bz2,Reddit Submissions (JSON objects),"11,014,264",Sep 9 2016 8:47 AM
RS_2008-01.bz2,Reddit Submissions (JSON objects),"12,437,799",Sep 9 2016 8:47 AM
RS_2008-02.bz2,Reddit Submissions (JSON objects),"12,996,586",Sep 9 2016 8:47 AM
RS_2008-03.bz2,Reddit Submissions (JSON objects),"14,937,252",Sep 9 2016 8:47 AM
RS_2008-04.bz2,Reddit Submissions (JSON objects),"14,918,228",Sep 9 2016 8:47 AM
RS_2008-05.bz2,Reddit Submissions (JSON objects),"15,818,546",Sep 9 2016 8:47 AM
RS_2008-06.bz2,Reddit Submissions (JSON objects),"17,144,526",Sep 9 2016 8:47 AM
RS_2008-07.bz2,Reddit Submissions (JSON objects),"19,934,302",Sep 9 2016 8:47 AM
RS_2008-08.bz2,Reddit Submissions (JSON objects),"19,617,026",Sep 9 2016 8:47 AM
RS_2008-09.bz2,Reddit Submissions (JSON objects),"23,858,824",Sep 9 2016 8:47 AM
RS_2008-10.bz2,Reddit Submissions (JSON objects),"26,466,826",Sep 9 2016 8:47 AM
RS_2008-11.bz2,Reddit Submissions (JSON objects),"25,250,128",Sep 9 2016 8:47 AM
RS_2008-12.bz2,Reddit Submissions (JSON objects),"26,122,087",Sep 9 2016 8:47 AM
RS_2009-01.bz2,Reddit Submissions (JSON objects),"30,768,321",Sep 9 2016 8:47 AM
RS_2009-02.bz2,Reddit Submissions (JSON objects),"30,865,278",Sep 9 2016 8:47 AM
RS_2009-03.bz2,Reddit Submissions (JSON objects),"34,312,409",Sep 9 2016 8:47 AM
RS_2009-04.bz2,Reddit Submissions (JSON objects),"33,917,160",Sep 9 2016 8:47 AM
RS_2009-05.bz2,Reddit Submissions (JSON objects),"33,895,432",Sep 9 2016 8:47 AM
RS_2009-06.bz2,Reddit Submissions (JSON objects),"38,671,710",Sep 9 2016 8:47 AM
RS_2009-07.bz2,Reddit Submissions (JSON objects),"47,883,353",Sep 9 2016 8:47 AM
RS_2009-08.bz2,Reddit Submissions (JSON objects),"52,481,148",Sep 9 2016 8:47 AM
RS_2009-09.bz2,Reddit Submissions (JSON objects),"54,681,357",Sep 9 2016 8:47 AM
RS_2009-10.bz2,Reddit Submissions (JSON objects),"58,635,228",Sep 9 2016 8:47 AM
RS_2009-11.bz2,Reddit Submissions (JSON objects),"57,749,925",Sep 9 2016 8:47 AM
RS_2009-12.bz2,Reddit Submissions (JSON objects),"63,864,764",Sep 9 2016 8:47 AM
RS_2010-01.bz2,Reddit Submissions (JSON objects),"73,037,795",Sep 9 2016 8:48 AM
RS_2010-02.bz2,Reddit Submissions (JSON objects),"67,897,266",Sep 9 2016 8:48 AM
RS_2010-03.bz2,Reddit Submissions (JSON objects),"82,984,132",Sep 9 2016 8:48 AM
RS_2010-04.bz2,Reddit Submissions (JSON objects),"85,187,754",Sep 9 2016 8:48 AM
RS_2010-05.bz2,Reddit Submissions (JSON objects),"81,348,974",Sep 9 2016 8:48 AM
RS_2010-06.bz2,Reddit Submissions (JSON objects),"77,952,042",Sep 9 2016 8:48 AM
RS_2010-07.bz2,Reddit Submissions (JSON objects),"86,161,828",Sep 9 2016 8:48 AM
RS_2010-08.bz2,Reddit Submissions (JSON objects),"93,724,475",Sep 9 2016 8:48 AM
RS_2010-09.bz2,Reddit Submissions (JSON objects),"106,300,735",Sep 9 2016 8:48 AM
RS_2010-10.bz2,Reddit Submissions (JSON objects),"115,926,077",Sep 9 2016 8:48 AM
RS_2010-11.bz2,Reddit Submissions (JSON objects),"128,328,166",Sep 9 2016 8:48 AM
RS_2010-12.bz2,Reddit Submissions (JSON objects),"135,984,962",Sep 9 2016 8:48 AM
RS_2011-01.bz2,Reddit Submissions (JSON objects),"151,006,946",Sep 9 2016 8:48 AM
RS_2011-02.bz2,Reddit Submissions (JSON objects),"146,227,844",Sep 9 2016 8:48 AM
RS_2011-03.bz2,Reddit Submissions (JSON objects),"174,286,180",Sep 9 2016 8:48 AM
RS_2011-04.bz2,Reddit Submissions (JSON objects),"170,018,968",Sep 9 2016 8:48 AM
RS_2011-05.bz2,Reddit Submissions (JSON objects),"184,764,194",Sep 9 2016 8:48 AM
RS_2011-06.bz2,Reddit Submissions (JSON objects),"197,911,734",Sep 9 2016 8:48 AM
RS_2011-07.bz2,Reddit Submissions (JSON objects),"220,176,178",Sep 9 2016 8:48 AM
RS_2011-08.bz2,Reddit Submissions (JSON objects),"256,564,815",Sep 9 2016 8:48 AM
RS_2011-09.bz2,Reddit Submissions (JSON objects),"263,087,709",Sep 9 2016 8:48 AM
RS_2011-10.bz2,Reddit Submissions (JSON objects),"295,041,402",Sep 9 2016 8:48 AM
RS_2011-11.bz2,Reddit Submissions (JSON objects),"306,678,030",Sep 9 2016 8:48 AM
RS_2011-12.bz2,Reddit Submissions (JSON objects),"329,389,184",Sep 9 2016 8:48 AM
RS_2012-01.bz2,Reddit Submissions (JSON objects),"373,718,003",Sep 9 2016 8:49 AM
RS_2012-02.bz2,Reddit Submissions (JSON objects),"377,095,348",Sep 9 2016 8:49 AM
RS_2012-03.bz2,Reddit Submissions (JSON objects),"410,526,995",Sep 9 2016 8:49 AM
RS_2012-04.bz2,Reddit Submissions (JSON objects),"435,066,730",Sep 9 2016 8:49 AM
RS_2012-05.bz2,Reddit Submissions (JSON objects),"477,290,655",Sep 9 2016 8:49 AM
RS_2012-06.bz2,Reddit Submissions (JSON objects),"489,581,103",Sep 9 2016 8:49 AM
RS_2012-07.bz2,Reddit Submissions (JSON objects),"529,437,700",Sep 9 2016 8:49 AM
RS_2012-08.bz2,Reddit Submissions (JSON objects),"560,464,425",Sep 9 2016 8:49 AM
RS_2012-09.bz2,Reddit Submissions (JSON objects),"534,586,362",Sep 9 2016 8:49 AM
RS_2012-10.bz2,Reddit Submissions (JSON objects),"567,186,084",Sep 9 2016 8:50 AM
RS_2012-11.bz2,Reddit Submissions (JSON objects),"562,751,328",Sep 9 2016 8:50 AM
RS_2012-12.bz2,Reddit Submissions (JSON objects),"564,004,103",Sep 9 2016 8:50 AM
RS_2013-01.bz2,Reddit Submissions (JSON objects),"662,391,666",Sep 9 2016 8:50 AM
RS_2013-02.bz2,Reddit Submissions (JSON objects),"607,389,810",Sep 9 2016 8:50 AM
RS_2013-03.bz2,Reddit Submissions (JSON objects),"684,412,279",Sep 9 2016 8:50 AM
RS_2013-04.bz2,Reddit Submissions (JSON objects),"718,685,895",Sep 9 2016 8:51 AM
RS_2013-05.bz2,Reddit Submissions (JSON objects),"709,869,723",Sep 9 2016 8:51 AM
RS_2013-06.bz2,Reddit Submissions (JSON objects),"710,116,097",Sep 9 2016 8:51 AM
RS_2013-07.bz2,Reddit Submissions (JSON objects),"761,708,498",Sep 9 2016 8:51 AM
RS_2013-08.bz2,Reddit Submissions (JSON objects),"759,998,511",Sep 9 2016 8:51 AM
RS_2013-09.bz2,Reddit Submissions (JSON objects),"731,608,199",Sep 9 2016 8:52 AM
RS_2013-10.bz2,Reddit Submissions (JSON objects),"808,272,564",Sep 9 2016 8:52 AM
RS_2013-11.bz2,Reddit Submissions (JSON objects),"842,204,327",Sep 9 2016 8:52 AM
RS_2013-12.bz2,Reddit Submissions (JSON objects),"902,445,658",Sep 9 2016 8:52 AM
RS_2014-01.bz2,Reddit Submissions (JSON objects),"889,190,893",Sep 9 2016 8:52 AM
RS_2014-02.bz2,Reddit Submissions (JSON objects),"858,227,900",Sep 9 2016 8:53 AM
RS_2014-03.bz2,Reddit Submissions (JSON objects),"908,859,265",Sep 9 2016 8:53 AM
RS_2014-04.bz2,Reddit Submissions (JSON objects),"887,306,457",Sep 9 2016 8:53 AM
RS_2014-05.bz2,Reddit Submissions (JSON objects),"912,664,826",Sep 9 2016 8:53 AM
RS_2014-06.bz2,Reddit Submissions (JSON objects),"902,314,638",Sep 9 2016 8:53 AM
RS_2014-07.bz2,Reddit Submissions (JSON objects),"1,005,273,043",Sep 9 2016 8:54 AM
RS_2014-08.bz2,Reddit Submissions (JSON objects),"1,037,918,565",Sep 9 2016 8:54 AM
RS_2014-09.bz2,Reddit Submissions (JSON objects),"1,041,453,329",Sep 9 2016 8:54 AM
RS_2014-10.bz2,Reddit Submissions (JSON objects),"1,106,782,789",Sep 9 2016 8:54 AM
RS_2014-11.bz2,Reddit Submissions (JSON objects),"1,089,533,770",Sep 9 2016 8:55 AM
RS_2014-12.bz2,Reddit Submissions (JSON objects),"1,152,585,351",Sep 9 2016 8:55 AM
RS_2015-01.bz2,Reddit Submissions (JSON objects),"1,273,718,836",Sep 9 2016 8:55 AM
RS_2015-02.bz2,Reddit Submissions (JSON objects),"1,184,128,358",Sep 9 2016 8:56 AM
RS_2015-03.bz2,Reddit Submissions (JSON objects),"1,496,190,334",Sep 9 2016 8:56 AM
RS_2015-04.bz2,Reddit Submissions (JSON objects),"1,722,760,552",Sep 9 2016 8:56 AM
RS_2015-05.bz2,Reddit Submissions (JSON objects),"1,789,360,779",Sep 9 2016 8:57 AM
RS_2015-06.bz2,Reddit Submissions (JSON objects),"2,027,422,812",Sep 9 2016 8:57 AM
RS_2015-07.bz2,Reddit Submissions (JSON objects),"1,926,559,519",Sep 9 2016 8:58 AM
RS_2015-08.bz2,Reddit Submissions (JSON objects),"2,034,592,126",Sep 9 2016 8:58 AM
RS_2015-09.bz2,Reddit Submissions (JSON objects),"1,874,478,134",Sep 9 2016 8:59 AM
RS_2015-10.bz2,Reddit Submissions (JSON objects),"1,930,600,577",Sep 9 2016 8:59 AM
RS_2015-11.bz2,Reddit Submissions (JSON objects),"1,847,058,159",Sep 9 2016 9:00 AM
RS_2015-12.bz2,Reddit Submissions (JSON objects),"1,896,036,291",Sep 9 2016 9:00 AM
RS_2016-01.bz2,Reddit Submissions (JSON objects),"2,098,276,213",Sep 9 2016 9:01 AM
RS_2016-02.bz2,Reddit Submissions (JSON objects),"2,068,945,917",Sep 9 2016 9:01 AM
RS_2016-03.bz2,Reddit Submissions (JSON objects),"2,107,907,964",Sep 9 2016 9:01 AM
RS_2016-04.bz2,Reddit Submissions (JSON objects),"2,067,883,512",Sep 9 2016 9:02 AM
RS_2016-05.bz2,Reddit Submissions (JSON objects),"2,142,310,860",Sep 9 2016 9:02 AM
RS_2016-06.bz2,Reddit Submissions (JSON objects),"2,166,210,792",Sep 9 2016 9:02 AM
RS_2016-07.bz2,Reddit Submissions (JSON objects),"2,222,812,209",Sep 9 2016 9:03 AM
RS_2016-08.bz2,Reddit Submissions (JSON objects),"2,322,174,950",Sep 9 2016 9:03 AM
RS_2016-09.bz2,Reddit Submissions (JSON objects),"2,260,552,835",Oct 14 2016 10:16 PM
RS_2016-10.bz2,Reddit Submissions (JSON objects),"2,447,030,449",Nov 28 2016 1:48 PM
RS_2016-11.bz2,Reddit Submissions (JSON objects),"2,688,748,783",Jan 14 2017 2:10 AM
RS_2016-12.bz2,Reddit Submissions (JSON objects),"2,767,048,307",Jan 26 2017 2:38 PM
RS_2017-01.bz2,Reddit Submissions (JSON objects),"2,855,515,250",Mar 16 2017 1:29 PM
RS_2017-02.bz2,Reddit Submissions (JSON objects),"2,698,040,885",Mar 16 2017 9:53 AM
RS_2017-03.bz2,Reddit Submissions (JSON objects),"3,023,687,354",Apr 17 2017 10:30 PM
RS_2017-04.bz2,Reddit Submissions (JSON objects),"2,910,988,864",May 13 2017 4:25 AM
RS_2017-05.bz2,Reddit Submissions (JSON objects),"2,823,118,428",Jun 12 2017 3:19 PM
RS_2017-06.bz2,Reddit Submissions (JSON objects),"2,893,550,967",Jul 18 2017 3:09 AM
RS_2017-07.bz2,Reddit Submissions (JSON objects),"3,048,030,564",Aug 8 2017 8:28 PM
RS_2017-08.bz2,Reddit Submissions (JSON objects),"3,160,768,014",Sep 6 2017 11:21 PM
RS_2017-09.bz2,Reddit Submissions (JSON objects),"2,997,079,707",Oct 10 2017 2:12 PM
RS_2017-10.bz2,Reddit Submissions (JSON objects),"3,158,134,761",Nov 24 2017 8:29 PM
RS_2017-11.bz2,Reddit Submissions (JSON objects),"3,206,303,853",Dec 5 2017 2:35 AM
